Simulation_Name,Additional_Mask_Path,Group,Additional_Output_Path
1001,,1,
2001,,1,
2002,,1,
3003,,1,
4001,,0,
4003,,0,
4005,,0,
4006,,0,
5003,,1,
6007,,1,
6008,,1,
7001,,1,
7002,,1,
7003,,1,
7005,,1,
7006,,1,
8004,,1,
8005,,1,
8006,,1,
8009,,1,
8011,,1,
8013,,1,
9002,,1,
9003,,1,
9004,,1,
9005,,1,
10002,,1,
10003,,1,
11001,,1,
11003,,1,
11004,,1,
12001,,1,
12002,,1,
12005,,1,
12006,,1,
12007,,1,
12008,,1,
12009,,1,
13001,,1,
13004,,1,
13005,,1,
13007,,1,
13008,,1,
14001,,1,
14002,,1,
14005,,1,
15006,,1,
15007,,1,
15010,,1,
15011,,1,
15012,,1,
15013,,1,
15014,,1,
15016,,1,
15021,,1,
15023,,1,
15024,,1,
15025,,1,
15030,,1,
15039,,1,
16001,,1,
16003,,1,
16004,,1,
17001,,1,
17003,,1,
17004,,1,
17005,,1,
17015,,1,
17018,,1,
18001,,1,
18002,,1,
18003,,1,
18008,,1,
18010,,1,
18011,,1,
18014,,1,
18017,,1,
18018,,1,
19001,,1,
19006,,1,
19010,,1,
19017,,1,
19020,,1,
20002,,1,
20003,,1,
20007,,1,
21003,,1,
21006,,1,
21008,,1,
21009,,1,
21011,,1,
21012,,1,
21013,,1,
21015,,1,
21016,,1,
21017,,1,
21018,,1,
21022,,1,
21023,,1,
21024,,1,
21026,,1,
21027,,1,
22001,,1,
22006,,1,
22007,,1,
22009,,1,
23001,,1,
23004,,1,
23006,,1,
23007,,1,
23008,,1,
23011,,1,
23016,,1,
24001,,1,
24003,,1,
24004,,1,
24005,,1,
25001,,1,
25003,,1,
25006,,1,
25012,,1,
25020,,1,
25021,,1,
25029,,1,
26003,,1,
26005,,1,
26006,,1,
26008,,1,
26009,,1,
27001,,1,
27002,,1,
27003,,1,
27006,,1,
27007,,1,
27009,,1,
27021,,1,
27023,,1,
27025,,1,
27026,,1,
27029,,1,
27030,,1,
27032,,1,
27034,,1,
27035,,1,
27038,,1,
27041,,1,
27042,,1,
27043,,1,
27047,,1,
27049,,1,
27051,,1,
27062,,1,
27064,,1,
27065,,1,
27071,,1,
27073,,1,
27077,,1,
27079,,1,
27080,,1,
27084,,1,
27087,,1,
27089,,1,
27090,,1,
28001,,1,
28003,,1,
28008,,1,
28009,,1,
28012,,1,
28015,,1,
28018,,1,
28022,,1,
28023,,1,
28024,,1,
28026,,1,
28031,,1,
28033,,1,
28039,,1,
28040,,1,
28043,,1,
28044,,1,
28046,,1,
28048,,1,
28050,,1,
28052,,1,
28055,,1,
28056,,1,
28060,,1,
28066,,1,
28067,,1,
28072,,1,
28074,,1,
28080,,1,
28081,,1,
28082,,1,
28085,,1,
28091,,1,
28093,,1,
28115,,1,
28116,,1,
28117,,1,
29002,,1,
29003,,1,
29005,,1,
29009,,1,
30001,,1,
30004,,1,
30005,,1,
30011,,1,
30012,,1,
30014,,1,
30015,,1,
31002,,1,
31006,,1,
31010,,1,
31021,,1,
31023,,1,
31025,,1,
32003,,1,
32004,,1,
32006,,1,
32008,,1,
33006,,1,
33007,,1,
33012,,1,
33013,,1,
33014,,1,
33018,,1,
33019,,1,
33020,,1,
33021,,1,
33022,,1,
33023,,1,
33024,,1,
33026,,1,
33028,,1,
33029,,1,
33031,,1,
33032,,1,
33033,,1,
33034,,1,
33035,,1,
33039,,1,
33053,,1,
33054,,1,
33058,,1,
34002,,1,
34003,,1,
34004,,1,
34005,,1,
34006,,1,
34007,,1,
34008,,1,
34010,,1,
34011,,1,
34012,,1,
35003,,1,
35008,,1,
36003,,1,
36006,,1,
36009,,1,
36010,,1,
36011,,1,
36012,,1,
37001,,1,
37003,,1,
37005,,1,
37008,,1,
37009,,1,
37010,,1,
37011,,1,
37018,,1,
37019,,1,
37020,,1,
37031,,1,
37033,,1,
38001,,1,
38003,,1,
38004,,1,
38007,,1,
38012,,1,
38014,,1,
38017,,1,
38018,,1,
38021,,1,
38026,,1,
38029,,1,
38030,,1,
39001,,1,
39002,,1,
39004,,1,
39005,,1,
39006,,1,
39007,,1,
39008,,1,
39010,,1,
39011,,1,
39012,,1,
39014,,1,
39015,,1,
39016,,1,
39017,,1,
39019,,1,
39020,,1,
39021,,1,
39022,,1,
39023,,1,
39025,,1,
39027,,1,
39028,,1,
39029,,1,
39034,,1,
39035,,1,
39036,,1,
39037,,1,
39042,,1,
39049,,1,
39052,,1,
39054,,1,
39056,,1,
39061,,1,
39065,,1,
39069,,1,
39072,,1,
39078,,1,
39081,,1,
39087,,1,
39088,,1,
39095,,1,
39099,,1,
39101,,1,
39105,,1,
39108,,1,
39114,,1,
39120,,1,
39125,,1,
39127,,1,
39141,,1,
39142,,1,
39143,,1,
39144,,1,
40003,,1,
40004,,1,
40005,,1,
40006,,1,
40007,,1,
40009,,1,
40010,,1,
40011,,1,
40012,,1,
40013,,1,
40016,,1,
40017,,1,
40018,,1,
40020,,1,
40021,,1,
40022,,1,
40033,,1,
41001,,1,
41003,,1,
41004,,1,
41005,,1,
41006,,1,
41009,,1,
41011,,1,
41012,,1,
41013,,1,
41014,,1,
41016,,1,
41019,,1,
41020,,1,
41022,,1,
41023,,1,
41025,,1,
41027,,1,
41028,,1,
41029,,1,
42001,,1,
42003,,1,
42004,,1,
42006,,1,
42008,,1,
42010,,1,
42011,,1,
42016,,1,
42017,,1,
42024,,1,
42026,,1,
42027,,1,
43005,,1,
43006,,1,
43007,,1,
43008,,1,
43009,,1,
43014,,1,
43017,,1,
43018,,1,
43021,,1,
44001,,1,
44002,,1,
44006,,1,
44009,,1,
44011,,1,
45001,,1,
45003,,1,
45004,,1,
45005,,1,
45009,,1,
45012,,1,
46003,,1,
46005,,1,
46008,,1,
46014,,1,
47001,,1,
47004,,1,
47005,,1,
47008,,1,
47009,,1,
47011,,1,
47014,,1,
47018,,1,
48003,,1,
48004,,1,
48005,,1,
48011,,1,
49001,,1,
49002,,1,
49004,,1,
50001,,1,
50002,,1,
50006,,1,
50007,,1,
50008,,1,
50011,,1,
51001,,1,
52004,,1,
52005,,1,
52006,,1,
52007,,1,
52009,,1,
52010,,1,
52011,,1,
52015,,1,
52016,,1,
53005,,1,
53006,,1,
53007,,1,
53008,,1,
53009,,1,
53013,,1,
53017,,1,
53018,,1,
53022,,1,
53023,,1,
53028,,1,
54001,,1,
54002,,1,
54003,,1,
54004,,1,
54005,,1,
54007,,1,
54008,,1,
54011,,1,
54012,,1,
54015,,1,
54016,,1,
54017,,1,
54018,,1,
54019,,1,
54020,,1,
54022,,1,
54024,,1,
54025,,1,
54027,,1,
54028,,1,
54029,,1,
54032,,1,
54034,,1,
54036,,1,
54038,,1,
54044,,1,
54048,,1,
54049,,1,
54052,,1,
54057,,1,
54060,,1,
54063,,1,
54080,,1,
54095,,1,
54096,,1,
55002,,1,
55007,,1,
55008,,1,
55013,,1,
55014,,1,
55016,,1,
55018,,1,
55021,,1,
55023,,1,
55025,,1,
55026,,1,
55029,,1,
55032,,1,
56001,,1,
56002,,1,
56007,,1,
56012,,1,
56013,,1,
57004,,1,
57005,,1,
57006,,1,
57007,,1,
57008,,1,
57009,,1,
58001,,1,
58002,,1,
58006,,1,
58008,,1,
58009,,1,
58010,,1,
58012,,1,
59001,,1,
60002,,1,
60003,,1,
60005,,1,
60006,,1,
60010,,1,
60012,,1,
61001,,1,
61002,,1,
62001,,1,
63001,,1,
63004,,1,
64001,,1,
64002,,1,
64006,,1,
65001,,1,
65004,,1,
65005,,1,
65006,,1,
65007,,1,
65008,,1,
66001,,1,
66004,,1,
66006,,1,
66011,,1,
67001,,1,
67005,,1,
67006,,1,
67008,,1,
67010,,1,
67015,,1,
67018,,1,
67025,,1,
67033,,1,
68001,,1,
68003,,1,
68004,,1,
68005,,1,
68020,,1,
69002,,1,
69007,,1,
69012,,1,
69015,,1,
69017,,1,
69023,,1,
69027,,1,
69030,,1,
69032,,1,
69043,,1,
70002,,1,
71001,,1,
71004,,1,
71006,,1,
71008,,1,
71014,,1,
72002,,1,
72004,,1,
72005,,1,
72007,,1,
72009,,1,
72014,,1,
72015,,1,
73005,,1,
73009,,1,
73010,,1,
73011,,1,
73014,,1,
73015,,1,
74001,,1,
74005,,1,
74006,,1,
74007,,1,
75003,,1,
75004,,1,
75017,,1,
76003,,1,
76005,,1,
76007,,1,
76008,,1,
76011,,1,
76014,,1,
77002,,1,
77003,,1,
77004,,1,
78003,,1,
78004,,1,
78006,,1,
79002,,1,
79003,,1,
79004,,1,
79005,,1,
79006,,1,
80001,,1,
80002,,1,
80003,,1,
80004,,1,
80005,,1,
80006,,1,
81002,,1,
81003,,1,
81004,,1,
81006,,1,
81007,,1,
82001,,1,
82003,,1,
83003,,1,
83004,,1,
83006,,1,
83007,,1,
83009,,1,
83010,,1,
83013,,1,
84001,,1,
84004,,1,
84005,,1,
84008,,1,
84009,,1,
84012,,1,
84013,,1,
84014,,1,
84016,,1,
84017,,1,
84018,,1,
84019,,1,
84020,,1,
84022,,1,
84026,,1,
84030,,1,
85001,,1,
85002,,1,
85003,,1,
85004,,1,
88001,,1,
89002,,1,
89003,,1,
89005,,1,
89007,,1,
90003,,1,
92001,,1,
93001,,1,
94001,,1,
95001,,1,
96001,,1,
96002,,1,
96004,,1,
97002,,1,
101002,,1,
101005,,1,
102001,,1,
106001,,1,
107001,,1,
201002,,1,
201005,,1,
201006,,1,
201007,,1,
201009,,1,
202001,,1,
202002,,1,
203012,,1,
203018,,1,
203019,,1,
203020,,1,
203024,,1,
203025,,1,
203028,,1,
203033,,1,
203042,,1,
203043,,1,
203050,,1,
203093,,1,
204001,,1,
205004,,1,
205011,,1,
205015,,1,
205020,,1,
205105,,1,
206001,,1,
206002,,1,
236005,,1,
236007,,1,
236051,,1,
